[
  {
    "id": "4f76ab42-d004-4851-bfcf-d40afbd3b2a6",
    "data": [
      {
        "text": "notice",
        "userDefined": false
      }
    ],
    "isTemplate": false,
    "count": 0,
    "updated": 1544075461
  },
  {
    "id": "34bd84ab-c446-4173-a5dc-c49ab277a847",
    "data": [
      {
        "text": "notices",
        "userDefined": false
      }
    ],
    "isTemplate": false,
    "count": 0,
    "updated": 1544075461
  },
  {
    "id": "55fbc818-99a2-44fa-a4df-202241cb3c5a",
    "data": [
      {
        "text": "announcements",
        "userDefined": false
      }
    ],
    "isTemplate": false,
    "count": 0,
    "updated": 1543286827
  },
  {
    "id": "512202e9-fbc4-4583-a3ee-998827b3c1b4",
    "data": [
      {
        "text": "get me my announcements",
        "userDefined": false
      }
    ],
    "isTemplate": false,
    "count": 0,
    "updated": 1543195571
  },
  {
    "id": "dc026b78-39dd-4595-a9d1-884638327b0d",
    "data": [
      {
        "text": "announcements please",
        "userDefined": false
      }
    ],
    "isTemplate": false,
    "count": 0,
    "updated": 1543195571
  },
  {
    "id": "6c8813e5-5082-4799-bb98-e46e3f8629e2",
    "data": [
      {
        "text": "any announcements?",
        "userDefined": false
      }
    ],
    "isTemplate": false,
    "count": 0,
    "updated": 1543195571
  }
]