[
  {
    "id": "d5aac35b-7832-489a-8517-c99b1a6368c4",
    "data": [
      {
        "text": "hear more please",
        "userDefined": false
      }
    ],
    "isTemplate": false,
    "count": 0,
    "updated": 1544675282
  },
  {
    "id": "7d19f78c-0620-4e45-b428-884a09b75240",
    "data": [
      {
        "text": "hear more",
        "userDefined": false
      }
    ],
    "isTemplate": false,
    "count": 0,
    "updated": 1544675282
  },
  {
    "id": "9d21d8a1-43a4-435c-9a15-95f7610716bf",
    "data": [
      {
        "text": "more",
        "userDefined": false
      }
    ],
    "isTemplate": false,
    "count": 0,
    "updated": 1543556380
  },
  {
    "id": "dc927246-e76a-4a00-bd96-7a295c498b04",
    "data": [
      {
        "text": "details",
        "userDefined": false
      }
    ],
    "isTemplate": false,
    "count": 0,
    "updated": 1543556380
  },
  {
    "id": "e9eeb8be-5ddb-433c-b96f-017e8209d087",
    "data": [
      {
        "text": "ok",
        "userDefined": false
      }
    ],
    "isTemplate": false,
    "count": 0,
    "updated": 1543201085
  },
  {
    "id": "1a572dae-c89b-476a-9e3e-258a76456975",
    "data": [
      {
        "text": "sure",
        "userDefined": false
      }
    ],
    "isTemplate": false,
    "count": 0,
    "updated": 1543201085
  },
  {
    "id": "43d1f635-bcdd-4278-bbeb-bfa2525b36eb",
    "data": [
      {
        "text": "yes",
        "userDefined": false
      }
    ],
    "isTemplate": false,
    "count": 0,
    "updated": 1543201085
  }
]