[
  {
    "id": "5b41f935-5c54-444d-b213-9ab35c7ebdbe",
    "data": [
      {
        "text": "remove",
        "userDefined": false
      }
    ],
    "isTemplate": false,
    "count": 0,
    "updated": 1544675388
  },
  {
    "id": "311018e8-3208-4254-9eed-96db3a6f43fe",
    "data": [
      {
        "text": "remove invite",
        "userDefined": false
      }
    ],
    "isTemplate": false,
    "count": 0,
    "updated": 1544675388
  },
  {
    "id": "0615a374-d903-41a4-8e88-fc65c0293dfc",
    "data": [
      {
        "text": "remove please",
        "userDefined": false
      }
    ],
    "isTemplate": false,
    "count": 0,
    "updated": 1544675388
  },
  {
    "id": "259e156f-7545-4400-bb94-df345a4556c2",
    "data": [
      {
        "text": "cancel invite",
        "userDefined": false
      }
    ],
    "isTemplate": false,
    "count": 0,
    "updated": 1544144768
  },
  {
    "id": "706a2352-c72c-4e80-8007-a491e6cf835e",
    "data": [
      {
        "text": "cancel schedule",
        "userDefined": false
      }
    ],
    "isTemplate": false,
    "count": 0,
    "updated": 1544091561
  }
]