[
  {
    "id": "61978867-3473-4154-b27e-a0bbce9408ea",
    "data": [
      {
        "text": "どかす",
        "userDefined": false
      }
    ],
    "isTemplate": false,
    "count": 0,
    "updated": 1544767439
  },
  {
    "id": "e35a9ad0-ef81-47ab-b34a-88ab6c6c5e13",
    "data": [
      {
        "text": "とる",
        "userDefined": false
      }
    ],
    "isTemplate": false,
    "count": 0,
    "updated": 1544767439
  },
  {
    "id": "f36d57f7-0ae5-46d0-8ddc-a5c8e062481b",
    "data": [
      {
        "text": "やめる",
        "userDefined": false
      }
    ],
    "isTemplate": false,
    "count": 0,
    "updated": 1544767439
  },
  {
    "id": "cdde2377-35ed-4d85-8b9a-7c11a5d3c348",
    "data": [
      {
        "text": "スケジュールを取り消し",
        "userDefined": false
      }
    ],
    "isTemplate": false,
    "count": 0,
    "updated": 1544767439
  },
  {
    "id": "8cb07831-102b-4319-b550-f10f4abad901",
    "data": [
      {
        "text": "スケジュール取り消し",
        "userDefined": false
      }
    ],
    "isTemplate": false,
    "count": 0,
    "updated": 1544767439
  },
  {
    "id": "459b4a99-cc00-4a30-ad90-d467cb162b06",
    "data": [
      {
        "text": "不参加",
        "userDefined": false
      }
    ],
    "isTemplate": false,
    "count": 0,
    "updated": 1544767439
  },
  {
    "id": "8d2fae1d-d855-4c80-bc91-f13353b44a79",
    "data": [
      {
        "text": "欠席します",
        "userDefined": false
      }
    ],
    "isTemplate": false,
    "count": 0,
    "updated": 1544686863
  },
  {
    "id": "89215de1-e377-4e18-8115-0e81707fdc94",
    "data": [
      {
        "text": "欠席にしたい",
        "userDefined": false
      }
    ],
    "isTemplate": false,
    "count": 0,
    "updated": 1544686863
  },
  {
    "id": "f2ced487-aa80-4462-af00-4d611b238215",
    "data": [
      {
        "text": "欠席にする",
        "userDefined": false
      }
    ],
    "isTemplate": false,
    "count": 0,
    "updated": 1544686863
  },
  {
    "id": "6cc3972a-e444-4cef-9df9-84e481c8d922",
    "data": [
      {
        "text": "欠席",
        "userDefined": false
      }
    ],
    "isTemplate": false,
    "count": 0,
    "updated": 1544686863
  },
  {
    "id": "258f845e-5b26-4a3c-8915-33717bdc40bd",
    "data": [
      {
        "text": "スケジュールをキャンセル",
        "userDefined": false
      }
    ],
    "isTemplate": false,
    "count": 0,
    "updated": 1544492448
  },
  {
    "id": "36d28673-b3fb-4ccc-8767-e896366f719f",
    "data": [
      {
        "text": "招待をキャンセル",
        "userDefined": false
      }
    ],
    "isTemplate": false,
    "count": 0,
    "updated": 1544492448
  }
]