[
  {
    "id": "bd3e509c-2d62-46d1-b51e-954d14ba9eb3",
    "data": [
      {
        "text": "やだ",
        "userDefined": false
      }
    ],
    "isTemplate": false,
    "count": 0,
    "updated": 1544767328
  },
  {
    "id": "6bf1f66e-cb21-48b6-810c-e42df8038aca",
    "data": [
      {
        "text": "いいえ",
        "userDefined": false
      }
    ],
    "isTemplate": false,
    "count": 0,
    "updated": 1544492530
  },
  {
    "id": "7b573c08-0e6f-4475-becc-acbdb50d12c2",
    "data": [
      {
        "text": "パス",
        "userDefined": false
      }
    ],
    "isTemplate": false,
    "count": 0,
    "updated": 1544492530
  },
  {
    "id": "e1709669-0b24-4e82-bcf5-e643413420ef",
    "data": [
      {
        "text": "やめる",
        "userDefined": false
      }
    ],
    "isTemplate": false,
    "count": 0,
    "updated": 1544492530
  }
]