[
  {
    "id": "71028ce7-327f-4a18-b1b4-14db87150ccf",
    "data": [
      {
        "text": "goodbye",
        "userDefined": false
      }
    ],
    "isTemplate": false,
    "count": 0,
    "updated": 1543194862
  },
  {
    "id": "8e6f9200-52dd-44f6-9b3f-99ff2a11e915",
    "data": [
      {
        "text": "nevermind",
        "userDefined": false
      }
    ],
    "isTemplate": false,
    "count": 0,
    "updated": 1543194862
  },
  {
    "id": "9ac566d7-bb78-439e-8990-cf3207e49654",
    "data": [
      {
        "text": "stop",
        "userDefined": false
      }
    ],
    "isTemplate": false,
    "count": 0,
    "updated": 1543194862
  },
  {
    "id": "0b6ffec3-8232-419b-b5f2-1c278f48f2f6",
    "data": [
      {
        "text": "cancel",
        "userDefined": false
      }
    ],
    "isTemplate": false,
    "count": 0,
    "updated": 1543194862
  },
  {
    "id": "165a31c4-7e96-4ec1-b97c-4b5974fbb455",
    "data": [
      {
        "text": "exit",
        "userDefined": false
      }
    ],
    "isTemplate": false,
    "count": 0,
    "updated": 1543194862
  }
]