[
  {
    "id": "03d1dfb1-56f9-4f8d-b7f3-0c721cd3e600",
    "data": [
      {
        "text": "終了にして",
        "userDefined": false
      }
    ],
    "isTemplate": false,
    "count": 0,
    "updated": 1544766823
  },
  {
    "id": "94026dca-af93-4d00-af65-a928dd8a8958",
    "data": [
      {
        "text": "終わりにして",
        "userDefined": false
      }
    ],
    "isTemplate": false,
    "count": 0,
    "updated": 1544766823
  },
  {
    "id": "040ade39-81a2-463c-875e-3ff07d40af3c",
    "data": [
      {
        "text": "出る",
        "userDefined": false
      }
    ],
    "isTemplate": false,
    "count": 0,
    "updated": 1544766823
  },
  {
    "id": "ab974167-a1b1-4abb-bdc6-da1c77de51f4",
    "data": [
      {
        "text": "退出",
        "userDefined": false
      }
    ],
    "isTemplate": false,
    "count": 0,
    "updated": 1544766823
  },
  {
    "id": "2816eedf-6712-4074-bba1-f9c7496b5d79",
    "data": [
      {
        "text": "終了",
        "userDefined": false
      }
    ],
    "isTemplate": false,
    "count": 0,
    "updated": 1544766823
  },
  {
    "id": "684aa010-df57-4416-810e-cf4892fb3b10",
    "data": [
      {
        "text": "キャンセル",
        "userDefined": false
      }
    ],
    "isTemplate": false,
    "count": 0,
    "updated": 1544492741
  },
  {
    "id": "5240398b-91cf-40e9-8096-14a1363d7b8c",
    "data": [
      {
        "text": "キャンセルして",
        "userDefined": false
      }
    ],
    "isTemplate": false,
    "count": 0,
    "updated": 1544766823
  },
  {
    "id": "81748b4f-0368-4bd3-b5bd-71fa322df8bb",
    "data": [
      {
        "text": "キャンセルする",
        "userDefined": false
      }
    ],
    "isTemplate": false,
    "count": 0,
    "updated": 1544766823
  },
  {
    "id": "77cc5424-a0ba-440b-a9ae-4dadfbffeb30",
    "data": [
      {
        "text": "やめ",
        "userDefined": false
      }
    ],
    "isTemplate": false,
    "count": 0,
    "updated": 1544766823
  },
  {
    "id": "4392ef9c-7142-4b75-ac0c-bc26ec9eefc1",
    "data": [
      {
        "text": "やめる",
        "userDefined": false
      }
    ],
    "isTemplate": false,
    "count": 0,
    "updated": 1544766823
  },
  {
    "id": "88885a7f-8e2d-4b65-88cc-c3b39682f610",
    "data": [
      {
        "text": "ストップ",
        "userDefined": false
      }
    ],
    "isTemplate": false,
    "count": 0,
    "updated": 1544766823
  },
  {
    "id": "9fc55188-9f72-44a3-8f1a-c1c7cc265674",
    "data": [
      {
        "text": "気にしないでください",
        "userDefined": false
      }
    ],
    "isTemplate": false,
    "count": 0,
    "updated": 1544766823
  },
  {
    "id": "2f5ca57d-e5b2-4f4d-88cc-28796f91966c",
    "data": [
      {
        "text": "気にしない",
        "userDefined": false
      }
    ],
    "isTemplate": false,
    "count": 0,
    "updated": 1544766823
  },
  {
    "id": "cd1e12f9-39c0-4fe2-bd10-79e11d3e2fda",
    "data": [
      {
        "text": "気にしないで",
        "userDefined": false
      }
    ],
    "isTemplate": false,
    "count": 0,
    "updated": 1544766823
  },
  {
    "id": "b6f19cf8-4c0b-47ef-8ce5-cd299a2dc15a",
    "data": [
      {
        "text": "ごきげんよう。",
        "userDefined": false
      }
    ],
    "isTemplate": false,
    "count": 0,
    "updated": 1544766823
  },
  {
    "id": "6f317d5c-2a5c-46d2-ad9a-b14cb0f9f23e",
    "data": [
      {
        "text": "さようなら。",
        "userDefined": false
      }
    ],
    "isTemplate": false,
    "count": 0,
    "updated": 1544766823
  },
  {
    "id": "b00c875d-d607-49e6-b40e-e3b1d04895c9",
    "data": [
      {
        "text": "終わり",
        "userDefined": false
      }
    ],
    "isTemplate": false,
    "count": 0,
    "updated": 1544492741
  },
  {
    "id": "d3afd7ea-072f-48dc-a045-8f6a96861c35",
    "data": [
      {
        "text": "おしまい",
        "userDefined": false
      }
    ],
    "isTemplate": false,
    "count": 0,
    "updated": 1544492741
  },
  {
    "id": "a5d86931-a459-4c6f-be0d-7888f9981125",
    "data": [
      {
        "text": "じゃあね",
        "userDefined": false
      }
    ],
    "isTemplate": false,
    "count": 0,
    "updated": 1544492741
  },
  {
    "id": "da377de9-f73e-4264-98d3-1665de2dfc17",
    "data": [
      {
        "text": "また",
        "userDefined": false
      }
    ],
    "isTemplate": false,
    "count": 0,
    "updated": 1544492741
  },
  {
    "id": "c70ffb68-e3d6-4ab8-ad38-281288c8ef6a",
    "data": [
      {
        "text": "さようなら",
        "userDefined": false
      }
    ],
    "isTemplate": false,
    "count": 1,
    "updated": 1544492741
  },
  {
    "id": "95bc195e-aee0-4e6a-82ef-4264076b45df",
    "data": [
      {
        "text": "see you",
        "userDefined": false
      }
    ],
    "isTemplate": false,
    "count": 0,
    "updated": 1543279376
  },
  {
    "id": "15ab04dc-9d31-4f27-9821-3b4b25401097",
    "data": [
      {
        "text": "bye",
        "userDefined": false
      }
    ],
    "isTemplate": false,
    "count": 0,
    "updated": 1543279376
  },
  {
    "id": "fb1f31d3-435b-4313-ae77-57514e5a646f",
    "data": [
      {
        "text": "exit",
        "userDefined": false
      }
    ],
    "isTemplate": false,
    "count": 0,
    "updated": 1543279376
  },
  {
    "id": "0efb9997-6101-451b-a7a8-266d25d16a1e",
    "data": [
      {
        "text": "that\u0027s all",
        "userDefined": false
      }
    ],
    "isTemplate": false,
    "count": 0,
    "updated": 1543279376
  },
  {
    "id": "0c72cc42-286c-4967-8fcc-70efb7f01130",
    "data": [
      {
        "text": "cancel",
        "userDefined": false
      }
    ],
    "isTemplate": false,
    "count": 0,
    "updated": 1543279376
  }
]