[
  {
    "id": "33aa9966-f35e-4d09-a48f-bb0a8bbccd12",
    "data": [
      {
        "text": "no next invite",
        "userDefined": false
      }
    ],
    "isTemplate": false,
    "count": 0,
    "updated": 1544673366
  },
  {
    "id": "68e9e8e2-a30b-4119-a72d-427ea8887b5e",
    "data": [
      {
        "text": "no go to next event",
        "userDefined": false
      }
    ],
    "isTemplate": false,
    "count": 0,
    "updated": 1544673366
  },
  {
    "id": "a2434ad4-6b84-4337-9ed4-fd8c9f216475",
    "data": [
      {
        "text": "next event",
        "userDefined": false
      }
    ],
    "isTemplate": false,
    "count": 0,
    "updated": 1544673366
  },
  {
    "id": "2cf30232-68ab-4e80-b825-1c5587b5199d",
    "data": [
      {
        "text": "go to next",
        "userDefined": false
      }
    ],
    "isTemplate": false,
    "count": 0,
    "updated": 1544673366
  },
  {
    "id": "345e0b0b-41cb-472a-b012-eb6df44b1cfb",
    "data": [
      {
        "text": "no",
        "userDefined": false
      }
    ],
    "isTemplate": false,
    "count": 0,
    "updated": 1543283915
  },
  {
    "id": "50d7f5b8-059a-4f37-976e-48273948fdb3",
    "data": [
      {
        "text": "next one",
        "userDefined": false
      }
    ],
    "isTemplate": false,
    "count": 0,
    "updated": 1543280245
  },
  {
    "id": "bc96842e-af0d-46cc-9aa9-884d7acef710",
    "data": [
      {
        "text": "skip",
        "userDefined": false
      }
    ],
    "isTemplate": false,
    "count": 0,
    "updated": 1543280245
  },
  {
    "id": "9da3b5a3-b613-49b1-9385-62183fa6b274",
    "data": [
      {
        "text": "next",
        "userDefined": false
      }
    ],
    "isTemplate": false,
    "count": 0,
    "updated": 1543280245
  }
]