[
  {
    "id": "c8e1af65-9537-4e56-8166-10a8a804ab8f",
    "data": [
      {
        "text": "リストを出して",
        "userDefined": false
      }
    ],
    "isTemplate": false,
    "count": 0,
    "updated": 1544767579
  },
  {
    "id": "88ecd05f-1dad-40d3-8e76-0660af5f729b",
    "data": [
      {
        "text": "やるべきこと",
        "userDefined": false
      }
    ],
    "isTemplate": false,
    "count": 0,
    "updated": 1544767579
  },
  {
    "id": "c66d2fbb-93ce-4d9c-aab8-f4fce445b890",
    "data": [
      {
        "text": "イベントのリスト",
        "userDefined": false
      }
    ],
    "isTemplate": false,
    "count": 0,
    "updated": 1544492628
  },
  {
    "id": "4a7ab398-4d7b-4bc5-92db-13bae7cf9ebe",
    "data": [
      {
        "text": "招待",
        "userDefined": false
      }
    ],
    "isTemplate": false,
    "count": 0,
    "updated": 1544492628
  },
  {
    "id": "bbf19dd4-8672-40e8-a96d-d890e1624c5d",
    "data": [
      {
        "text": "イベント",
        "userDefined": false
      }
    ],
    "isTemplate": false,
    "count": 0,
    "updated": 1543202172
  },
  {
    "id": "77b3f7b6-c92d-4203-8860-7ac8a092f9cd",
    "data": [
      {
        "text": "やること",
        "userDefined": false
      }
    ],
    "isTemplate": false,
    "count": 0,
    "updated": 1543202172
  }
]