[
  {
    "id": "88252afb-4a5b-4a43-95ae-be95fbc01f4f",
    "data": [
      {
        "text": "things to do",
        "userDefined": false
      }
    ],
    "isTemplate": false,
    "count": 0,
    "updated": 1543563982
  },
  {
    "id": "a06ac4a5-9d87-499f-8d2b-c2495afef89b",
    "data": [
      {
        "text": "events",
        "userDefined": false
      }
    ],
    "isTemplate": false,
    "count": 0,
    "updated": 1543286810
  },
  {
    "id": "72a78087-301f-48fb-a04a-3fbe0e6e9201",
    "data": [
      {
        "text": "get list of events",
        "userDefined": false
      }
    ],
    "isTemplate": false,
    "count": 0,
    "updated": 1543200907
  }
]