[
  {
    "id": "9e96c6c1-f855-45d4-af48-d939c00d9104",
    "data": [
      {
        "text": "ヘルプ",
        "userDefined": false
      }
    ],
    "isTemplate": false,
    "count": 0,
    "updated": 1544767619
  },
  {
    "id": "d853aa17-2a32-47c3-a456-821f73fd539d",
    "data": [
      {
        "text": "お助けしましょうか？",
        "userDefined": false
      }
    ],
    "isTemplate": false,
    "count": 0,
    "updated": 1544767619
  },
  {
    "id": "4fc91a43-8b82-46bd-9f38-8a41a2c4d5c2",
    "data": [
      {
        "text": "どうしましょう",
        "userDefined": false
      }
    ],
    "isTemplate": false,
    "count": 0,
    "updated": 1544767619
  },
  {
    "id": "bcfcd179-d90b-4a52-936c-35a379ee1660",
    "data": [
      {
        "text": "help",
        "userDefined": false
      }
    ],
    "isTemplate": false,
    "count": 0,
    "updated": 1544502655
  },
  {
    "id": "f17c385a-dd93-476a-941b-22b98b94315b",
    "data": [
      {
        "text": "私に何ができる？",
        "userDefined": false
      }
    ],
    "isTemplate": false,
    "count": 0,
    "updated": 1544502655
  },
  {
    "id": "2c4950c8-7505-4405-85ad-bfb7ede12f30",
    "data": [
      {
        "text": "助けて",
        "userDefined": false
      }
    ],
    "isTemplate": false,
    "count": 0,
    "updated": 1544502655
  }
]