[
  {
    "id": "fc87e319-86ba-4f7b-9164-629730404312",
    "data": [
      {
        "text": "say the same again",
        "userDefined": false
      }
    ],
    "isTemplate": false,
    "count": 0,
    "updated": 1543372008
  },
  {
    "id": "be2d4469-5fb1-4cc1-a869-3d840f2c0769",
    "data": [
      {
        "text": "repeat it",
        "userDefined": false
      }
    ],
    "isTemplate": false,
    "count": 0,
    "updated": 1543372008
  },
  {
    "id": "029cea52-e890-41f4-8bc5-0d3d6c255527",
    "data": [
      {
        "text": "could you repeat that",
        "userDefined": false
      }
    ],
    "isTemplate": false,
    "count": 0,
    "updated": 1543372008
  },
  {
    "id": "c03871ff-e490-40dc-a8c2-f9831939008e",
    "data": [
      {
        "text": "come again",
        "userDefined": false
      }
    ],
    "isTemplate": false,
    "count": 0,
    "updated": 1543372008
  },
  {
    "id": "a17d8208-240b-4bed-a014-5a62bafc92d3",
    "data": [
      {
        "text": "say it again",
        "userDefined": false
      }
    ],
    "isTemplate": false,
    "count": 0,
    "updated": 1543372008
  },
  {
    "id": "e90ff3da-3d9d-4bf1-9d70-bfbc17a076a3",
    "data": [
      {
        "text": "repeat what you\u0027ve just said",
        "userDefined": false
      }
    ],
    "isTemplate": false,
    "count": 0,
    "updated": 1543372008
  },
  {
    "id": "9c7d0466-c422-464b-b16c-3e54625e166c",
    "data": [
      {
        "text": "repeat these results",
        "userDefined": false
      }
    ],
    "isTemplate": false,
    "count": 0,
    "updated": 1543372008
  },
  {
    "id": "add3ebaa-828a-4aee-94ea-b4cb56cd4400",
    "data": [
      {
        "text": "please repeat that",
        "userDefined": false
      }
    ],
    "isTemplate": false,
    "count": 0,
    "updated": 1543372008
  },
  {
    "id": "a9dce0fc-ecbc-4762-b91b-1facead174a7",
    "data": [
      {
        "text": "do it again",
        "userDefined": false
      }
    ],
    "isTemplate": false,
    "count": 0,
    "updated": 1543372008
  },
  {
    "id": "933b591a-5e8b-4cc2-bc0c-f6fd9a4444d3",
    "data": [
      {
        "text": "can you say that again?",
        "userDefined": false
      }
    ],
    "isTemplate": false,
    "count": 0,
    "updated": 1543372008
  },
  {
    "id": "b682fdf0-73c5-41d9-9fc6-655787bd87bd",
    "data": [
      {
        "text": "repeat",
        "userDefined": false
      }
    ],
    "isTemplate": false,
    "count": 0,
    "updated": 1543372008
  },
  {
    "id": "559e5802-c3b6-45ac-80a0-e330f19df57d",
    "data": [
      {
        "text": "sorry?",
        "userDefined": false
      }
    ],
    "isTemplate": false,
    "count": 0,
    "updated": 1543372008
  }
]