[
  {
    "id": "93239638-5c71-4097-93d2-bd0960db0ea7",
    "data": [
      {
        "text": "give me my signal ID",
        "userDefined": false
      }
    ],
    "isTemplate": false,
    "count": 0,
    "updated": 1543195282
  },
  {
    "id": "bdca40f6-fce8-40d9-9a0b-053608d47f59",
    "data": [
      {
        "text": "signal ID?",
        "userDefined": false
      }
    ],
    "isTemplate": false,
    "count": 0,
    "updated": 1543195282
  },
  {
    "id": "c45e520f-a49a-49f6-b8dd-71a8d0caa4cf",
    "data": [
      {
        "text": "what\u0027s my signal ID?",
        "userDefined": false
      }
    ],
    "isTemplate": false,
    "count": 0,
    "updated": 1543195282
  }
]