[
  {
    "id": "6b754d28-42e9-40f6-bc11-d140a003b827",
    "data": [
      {
        "text": "お知らせはある？",
        "userDefined": false
      }
    ],
    "isTemplate": false,
    "count": 0,
    "updated": 1544766620
  },
  {
    "id": "11967867-776f-4a2c-8415-56691bcd09cd",
    "data": [
      {
        "text": "お知らせは？",
        "userDefined": false
      }
    ],
    "isTemplate": false,
    "count": 0,
    "updated": 1544766620
  },
  {
    "id": "e890df85-a14b-4560-b2ec-cae2b67a74bd",
    "data": [
      {
        "text": "案内はある？",
        "userDefined": false
      }
    ],
    "isTemplate": false,
    "count": 0,
    "updated": 1544766620
  },
  {
    "id": "6cb15eb6-7291-4cb0-b6c8-42d85c5975ee",
    "data": [
      {
        "text": "お知らせを教えて",
        "userDefined": false
      }
    ],
    "isTemplate": false,
    "count": 0,
    "updated": 1544766620
  },
  {
    "id": "93bd7af7-9648-4860-83f9-7af3e61537fc",
    "data": [
      {
        "text": "お知らせを知りたい",
        "userDefined": false
      }
    ],
    "isTemplate": false,
    "count": 0,
    "updated": 1544766620
  },
  {
    "id": "06d283da-1eab-4177-83cc-9d3c1b85c6de",
    "data": [
      {
        "text": "アナウンス",
        "userDefined": false
      }
    ],
    "isTemplate": false,
    "count": 0,
    "updated": 1544766620
  },
  {
    "id": "1bc610f6-43f9-49ad-8268-b7fe1766dc75",
    "data": [
      {
        "text": "知らせ",
        "userDefined": false
      }
    ],
    "isTemplate": false,
    "count": 0,
    "updated": 1544766620
  },
  {
    "id": "a10aa53f-91ca-49d8-a43f-d0018b24501e",
    "data": [
      {
        "text": "おしらせ",
        "userDefined": false
      }
    ],
    "isTemplate": false,
    "count": 0,
    "updated": 1544766620
  },
  {
    "id": "c86ed861-e61e-4200-a98b-f646dfeb54ff",
    "data": [
      {
        "text": "お知らせをおねがい",
        "userDefined": false
      }
    ],
    "isTemplate": false,
    "count": 0,
    "updated": 1544492662
  },
  {
    "id": "6ace1466-6e82-4007-a805-18e9d3a0f5b9",
    "data": [
      {
        "text": "案内を知りたい",
        "userDefined": false
      }
    ],
    "isTemplate": false,
    "count": 0,
    "updated": 1544492662
  },
  {
    "id": "11992b9b-0453-4843-9f14-060bbcd69eb2",
    "data": [
      {
        "text": "案内",
        "userDefined": false
      }
    ],
    "isTemplate": false,
    "count": 0,
    "updated": 1543202294
  },
  {
    "id": "87ea848a-2b81-497e-af1a-50c5769eebc5",
    "data": [
      {
        "text": "お知らせ",
        "userDefined": false
      }
    ],
    "isTemplate": false,
    "count": 0,
    "updated": 1543202294
  }
]