[
  {
    "id": "1cdce4d1-e9bd-45c6-a03e-160fc95b9780",
    "data": [
      {
        "text": "参加",
        "userDefined": false
      }
    ],
    "isTemplate": false,
    "count": 1,
    "updated": 1544687333
  },
  {
    "id": "1584e179-3602-47c8-9e7e-8f6fba1065cb",
    "data": [
      {
        "text": "クラスに出席したい",
        "userDefined": false
      }
    ],
    "isTemplate": false,
    "count": 0,
    "updated": 1544687333
  },
  {
    "id": "aa41d7db-1a2a-4f01-aa8a-e1f201b73213",
    "data": [
      {
        "text": "でたい",
        "userDefined": false
      }
    ],
    "isTemplate": false,
    "count": 0,
    "updated": 1544767289
  },
  {
    "id": "768113a6-f3d6-4999-9487-35e8b33b9b76",
    "data": [
      {
        "text": "おねがいします",
        "userDefined": false
      }
    ],
    "isTemplate": false,
    "count": 0,
    "updated": 1544767289
  },
  {
    "id": "38f17f25-6068-4ee6-8819-bc10bc2ed69b",
    "data": [
      {
        "text": "聞くわ",
        "userDefined": false
      }
    ],
    "isTemplate": false,
    "count": 0,
    "updated": 1544767289
  },
  {
    "id": "284156ff-f89a-4b5f-b346-49e2983d053d",
    "data": [
      {
        "text": "聞かせて",
        "userDefined": false
      }
    ],
    "isTemplate": false,
    "count": 0,
    "updated": 1544767289
  },
  {
    "id": "d21516ea-88da-44d9-ba91-1de230ec73c0",
    "data": [
      {
        "text": "聞きたい",
        "userDefined": false
      }
    ],
    "isTemplate": false,
    "count": 0,
    "updated": 1544767289
  },
  {
    "id": "cb2a5b62-2e92-4be3-a61f-5adcb0341508",
    "data": [
      {
        "text": "もっと聞きたいよ",
        "userDefined": false
      }
    ],
    "isTemplate": false,
    "count": 0,
    "updated": 1544767289
  },
  {
    "id": "25d1a211-c23b-4a86-8d75-fad0bddd3bb2",
    "data": [
      {
        "text": "もっと聞きたいなあ",
        "userDefined": false
      }
    ],
    "isTemplate": false,
    "count": 0,
    "updated": 1544767289
  },
  {
    "id": "8154aeac-e1ca-4a72-bcfa-a69a72db7bda",
    "data": [
      {
        "text": "もっと聞きたいです",
        "userDefined": false
      }
    ],
    "isTemplate": false,
    "count": 0,
    "updated": 1544767289
  },
  {
    "id": "d5008d05-373e-42af-900e-f0d4fd597353",
    "data": [
      {
        "text": "もっと",
        "userDefined": false
      }
    ],
    "isTemplate": false,
    "count": 0,
    "updated": 1544767289
  },
  {
    "id": "720cc3c6-d0df-470d-94f0-7ca539647ce2",
    "data": [
      {
        "text": "クラスに参加したい",
        "userDefined": false
      }
    ],
    "isTemplate": false,
    "count": 1,
    "updated": 1544687333
  },
  {
    "id": "3cab8803-d995-4647-afc5-52433180d582",
    "data": [
      {
        "text": "いい",
        "userDefined": false
      }
    ],
    "isTemplate": false,
    "count": 0,
    "updated": 1544767289
  },
  {
    "id": "ad116764-c280-43dc-9741-ba92d9c61049",
    "data": [
      {
        "text": "いいよ",
        "userDefined": false
      }
    ],
    "isTemplate": false,
    "count": 0,
    "updated": 1544767289
  },
  {
    "id": "6ea018e4-bee6-4925-8388-7711c201d887",
    "data": [
      {
        "text": "もちろん",
        "userDefined": false
      }
    ],
    "isTemplate": false,
    "count": 0,
    "updated": 1544767289
  },
  {
    "id": "db7d808b-7207-4a0c-afcf-81e753540db2",
    "data": [
      {
        "text": "オーケー",
        "userDefined": false
      }
    ],
    "isTemplate": false,
    "count": 0,
    "updated": 1544767289
  },
  {
    "id": "a783df5f-f3a1-436c-8dbb-46f8e49d7ac4",
    "data": [
      {
        "text": "オッケー",
        "userDefined": false
      }
    ],
    "isTemplate": false,
    "count": 0,
    "updated": 1544767289
  },
  {
    "id": "8ed96d4a-16d5-4e08-8d9a-f6162842b0a3",
    "data": [
      {
        "text": "OK",
        "userDefined": false
      }
    ],
    "isTemplate": false,
    "count": 0,
    "updated": 1544767289
  },
  {
    "id": "4fdbe2db-da66-4b23-8fcc-924f0d76db80",
    "data": [
      {
        "text": "詳細を聞きたい",
        "userDefined": false
      }
    ],
    "isTemplate": false,
    "count": 0,
    "updated": 1544685254
  },
  {
    "id": "2b81f519-6402-48dd-92bb-cff9ed43ec62",
    "data": [
      {
        "text": "詳細",
        "userDefined": false
      }
    ],
    "isTemplate": false,
    "count": 0,
    "updated": 1544767289
  },
  {
    "id": "bb04a3e1-227c-4b76-a03f-056e70e508f8",
    "data": [
      {
        "text": "詳しく",
        "userDefined": false
      }
    ],
    "isTemplate": false,
    "count": 1,
    "updated": 1544685254
  },
  {
    "id": "6fe1f4da-9d59-469e-a1c4-aa29391a44ae",
    "data": [
      {
        "text": "出席したいです",
        "userDefined": false
      }
    ],
    "isTemplate": false,
    "count": 0,
    "updated": 1544767289
  },
  {
    "id": "ec7ac48c-0c5b-4e13-80da-9c44585fa0d1",
    "data": [
      {
        "text": "出席したい",
        "userDefined": false
      }
    ],
    "isTemplate": false,
    "count": 0,
    "updated": 1544767289
  },
  {
    "id": "7a0a191e-e976-49fb-ab76-6488d16ae3c2",
    "data": [
      {
        "text": "出席",
        "userDefined": false
      }
    ],
    "isTemplate": false,
    "count": 1,
    "updated": 1544687333
  },
  {
    "id": "315c9698-3bee-4d13-8186-287b5abaa20e",
    "data": [
      {
        "text": "わかった",
        "userDefined": false
      }
    ],
    "isTemplate": false,
    "count": 0,
    "updated": 1544767289
  },
  {
    "id": "b01c104b-4473-46cd-bed6-2b38c2d7d23d",
    "data": [
      {
        "text": "もっと教えて",
        "userDefined": false
      }
    ],
    "isTemplate": false,
    "count": 0,
    "updated": 1544685254
  },
  {
    "id": "35399db8-567f-4942-bb07-3e311c0caac7",
    "data": [
      {
        "text": "もっと詳しく",
        "userDefined": false
      }
    ],
    "isTemplate": false,
    "count": 0,
    "updated": 1544685254
  },
  {
    "id": "89f1967a-c463-4dc4-a3cd-3c5b9f76126e",
    "data": [
      {
        "text": "もっと知りたい",
        "userDefined": false
      }
    ],
    "isTemplate": false,
    "count": 0,
    "updated": 1544685254
  },
  {
    "id": "75e054a5-36b1-47ee-910d-8d61254eb84a",
    "data": [
      {
        "text": "もっと聞きたい",
        "userDefined": false
      }
    ],
    "isTemplate": false,
    "count": 0,
    "updated": 1544767289
  },
  {
    "id": "1f0bd62a-b396-40f8-a412-d63e6255ba84",
    "data": [
      {
        "text": "はい",
        "userDefined": false
      }
    ],
    "isTemplate": false,
    "count": 1,
    "updated": 1544492546
  },
  {
    "id": "0c76e46b-d2bf-4344-bb2d-1be90752b458",
    "data": [
      {
        "text": "yup",
        "userDefined": false
      }
    ],
    "isTemplate": false,
    "count": 0,
    "updated": 1543202436
  },
  {
    "id": "eece805c-0545-47a9-bfe3-96577c908ebc",
    "data": [
      {
        "text": "sure",
        "userDefined": false
      }
    ],
    "isTemplate": false,
    "count": 0,
    "updated": 1543202436
  },
  {
    "id": "3c1235a6-d9fc-4b4d-952c-3af6dafe7248",
    "data": [
      {
        "text": "yes",
        "userDefined": false
      }
    ],
    "isTemplate": false,
    "count": 0,
    "updated": 1543202436
  }
]