[
  {
    "id": "c827b23a-ed74-49a0-a6b8-9c884da9e78a",
    "data": [
      {
        "text": "pass",
        "userDefined": false
      }
    ],
    "isTemplate": false,
    "count": 0,
    "updated": 1543556426
  },
  {
    "id": "057a8bc7-76ee-453c-a746-899b612f07e8",
    "data": [
      {
        "text": "nope",
        "userDefined": false
      }
    ],
    "isTemplate": false,
    "count": 0,
    "updated": 1543201193
  },
  {
    "id": "7aed5789-cdda-400b-b28e-fa3438a341a2",
    "data": [
      {
        "text": "nah",
        "userDefined": false
      }
    ],
    "isTemplate": false,
    "count": 0,
    "updated": 1543201193
  },
  {
    "id": "27ac1603-f51c-4e73-a389-474cd9e05124",
    "data": [
      {
        "text": "no",
        "userDefined": false
      }
    ],
    "isTemplate": false,
    "count": 0,
    "updated": 1543201193
  }
]