[
  {
    "id": "ad52ee99-6231-4540-9a46-a168b622489a",
    "data": [
      {
        "text": "ハロー",
        "userDefined": false
      }
    ],
    "isTemplate": false,
    "count": 0,
    "updated": 1544766980
  },
  {
    "id": "c2023803-4809-4e2a-a4a4-0aac297d85f0",
    "data": [
      {
        "text": "おひさしぶりですね",
        "userDefined": false
      }
    ],
    "isTemplate": false,
    "count": 0,
    "updated": 1544766980
  },
  {
    "id": "ca19b1a1-c849-4479-a6ff-4f10a73aed8e",
    "data": [
      {
        "text": "挨拶",
        "userDefined": false
      }
    ],
    "isTemplate": false,
    "count": 0,
    "updated": 1544766980
  },
  {
    "id": "a82ae9ee-e7f8-491c-b6f0-4476e2eca0f3",
    "data": [
      {
        "text": "ねえ",
        "userDefined": false
      }
    ],
    "isTemplate": false,
    "count": 0,
    "updated": 1544766980
  },
  {
    "id": "9290369e-f8dd-46df-ae7b-176725c4ec85",
    "data": [
      {
        "text": "久しぶり",
        "userDefined": false
      }
    ],
    "isTemplate": false,
    "count": 0,
    "updated": 0
  },
  {
    "id": "5c4cb976-6dd7-4e97-a4df-0d3d40fff7d8",
    "data": [
      {
        "text": "今日は",
        "userDefined": false
      }
    ],
    "isTemplate": false,
    "count": 0,
    "updated": 0
  },
  {
    "id": "66d2875e-1d17-4e65-bdac-c1e53c130df3",
    "data": [
      {
        "text": "こんにちは",
        "userDefined": false
      }
    ],
    "isTemplate": false,
    "count": 0,
    "updated": 0
  },
  {
    "id": "4bfaaea4-8a71-42e8-a814-6652e59aa208",
    "data": [
      {
        "text": "どうも",
        "userDefined": false
      }
    ],
    "isTemplate": false,
    "count": 0,
    "updated": 0
  },
  {
    "id": "6c9ee0bf-a6a7-4951-8163-e0017b183aa5",
    "data": [
      {
        "text": "やあ、君",
        "userDefined": false
      }
    ],
    "isTemplate": false,
    "count": 0,
    "updated": 0
  },
  {
    "id": "84d70399-df29-4690-81b6-1d14e9aa2b18",
    "data": [
      {
        "text": "やあ",
        "userDefined": false
      }
    ],
    "isTemplate": false,
    "count": 0,
    "updated": 0
  },
  {
    "id": "94141ed9-7c36-47d6-a23d-d501a026d80f",
    "data": [
      {
        "text": "ご挨拶します",
        "userDefined": false
      }
    ],
    "isTemplate": false,
    "count": 0,
    "updated": 0
  },
  {
    "id": "c0ceb703-f49c-4f39-a8f3-7a784d088681",
    "data": [
      {
        "text": "はい、こんにちは",
        "userDefined": false
      }
    ],
    "isTemplate": false,
    "count": 0,
    "updated": 0
  },
  {
    "id": "5c6710c3-227e-486f-a539-097a40fef385",
    "data": [
      {
        "text": "おひさしぶりです",
        "userDefined": false
      }
    ],
    "isTemplate": false,
    "count": 0,
    "updated": 1544766980
  },
  {
    "id": "28d51fa6-1127-494f-b55a-958b6d665bb9",
    "data": [
      {
        "text": "ご挨拶",
        "userDefined": false
      }
    ],
    "isTemplate": false,
    "count": 0,
    "updated": 1544766980
  },
  {
    "id": "849f256a-8ac5-4f73-853a-d06e20aa08f0",
    "data": [
      {
        "text": "皆さん、こんにちは",
        "userDefined": false
      }
    ],
    "isTemplate": false,
    "count": 0,
    "updated": 0
  }
]