[
  {
    "id": "fad51b8f-61b0-40ba-abd0-befce7e86a24",
    "data": [
      {
        "text": "次に",
        "userDefined": false
      }
    ],
    "isTemplate": false,
    "count": 0,
    "updated": 1544767547
  },
  {
    "id": "1c61d643-503c-4e5a-87fc-b6f314c077d4",
    "data": [
      {
        "text": "次へ",
        "userDefined": false
      }
    ],
    "isTemplate": false,
    "count": 0,
    "updated": 1544767547
  },
  {
    "id": "bb4a9af9-c985-4ef2-a852-88148b10e105",
    "data": [
      {
        "text": "スキップして",
        "userDefined": false
      }
    ],
    "isTemplate": false,
    "count": 0,
    "updated": 1544767547
  },
  {
    "id": "1d908cf1-b4c5-47c4-bb69-cb989966de31",
    "data": [
      {
        "text": "飛ばして",
        "userDefined": false
      }
    ],
    "isTemplate": false,
    "count": 0,
    "updated": 1544767547
  },
  {
    "id": "dd7367b0-add3-4a6a-af81-37b46e14bdbd",
    "data": [
      {
        "text": "飛ばす",
        "userDefined": false
      }
    ],
    "isTemplate": false,
    "count": 0,
    "updated": 1544767547
  },
  {
    "id": "1559cf34-dab3-436c-9ef8-2dae87a956c6",
    "data": [
      {
        "text": "次のにして",
        "userDefined": false
      }
    ],
    "isTemplate": false,
    "count": 0,
    "updated": 1544767547
  },
  {
    "id": "edbb6e91-c9a2-425a-b45d-df6164d6a649",
    "data": [
      {
        "text": "次にして",
        "userDefined": false
      }
    ],
    "isTemplate": false,
    "count": 0,
    "updated": 1544767547
  },
  {
    "id": "a5f4f18c-7400-4b28-ac30-c3915ccb7959",
    "data": [
      {
        "text": "次の",
        "userDefined": false
      }
    ],
    "isTemplate": false,
    "count": 1,
    "updated": 1544767547
  },
  {
    "id": "0f0a79cf-ad9f-4f64-81bb-1bcb3b7d3688",
    "data": [
      {
        "text": "いいえ",
        "userDefined": false
      }
    ],
    "isTemplate": false,
    "count": 0,
    "updated": 1544767547
  },
  {
    "id": "6e3831c5-6faf-4031-9087-8aa7fba16a56",
    "data": [
      {
        "text": "スキップ",
        "userDefined": false
      }
    ],
    "isTemplate": false,
    "count": 0,
    "updated": 1544492470
  },
  {
    "id": "cbe2cdc9-f696-437a-b438-a2bf15fc7360",
    "data": [
      {
        "text": "次",
        "userDefined": false
      }
    ],
    "isTemplate": false,
    "count": 0,
    "updated": 1544492470
  }
]