[
  {
    "id": "c016b3b6-fb54-456f-a512-44af2aadc380",
    "data": [
      {
        "text": "要点",
        "userDefined": false
      }
    ],
    "isTemplate": false,
    "count": 0,
    "updated": 1544767664
  },
  {
    "id": "1ff10107-1d82-4de8-a2fc-a67ad66a5fae",
    "data": [
      {
        "text": "サマリー",
        "userDefined": false
      }
    ],
    "isTemplate": false,
    "count": 0,
    "updated": 1544767664
  },
  {
    "id": "67127546-aed5-42ce-ba03-48d82c05bdb8",
    "data": [
      {
        "text": "要約",
        "userDefined": false
      }
    ],
    "isTemplate": false,
    "count": 0,
    "updated": 1544767664
  },
  {
    "id": "b071f3fc-068d-417f-a19d-5c7e9932f245",
    "data": [
      {
        "text": "詳細",
        "userDefined": false
      }
    ],
    "isTemplate": false,
    "count": 0,
    "updated": 1544767664
  }
]