[
  {
    "id": "5b0bc213-0cc6-48eb-8c87-a58b25ffb144",
    "data": [
      {
        "text": "スケジュールはどんな感じ？",
        "userDefined": false
      }
    ],
    "isTemplate": false,
    "count": 0,
    "updated": 1544766706
  },
  {
    "id": "0021f935-927a-4c1e-b907-c4e3bcb236e1",
    "data": [
      {
        "text": "スケジュールを知りたい",
        "userDefined": false
      }
    ],
    "isTemplate": false,
    "count": 0,
    "updated": 1544766706
  },
  {
    "id": "4bd501fd-bb2d-4877-9986-0d79cac3c864",
    "data": [
      {
        "text": "スケジュールを教えて",
        "userDefined": false
      }
    ],
    "isTemplate": false,
    "count": 0,
    "updated": 1544766706
  },
  {
    "id": "00cf614f-8858-475e-b7d3-f136ce9f4993",
    "data": [
      {
        "text": "スケジュールは？",
        "userDefined": false
      }
    ],
    "isTemplate": false,
    "count": 0,
    "updated": 1544766706
  },
  {
    "id": "32c1d4ff-4e0d-4732-bfb9-7299a3b3eb69",
    "data": [
      {
        "text": "予定",
        "userDefined": false
      }
    ],
    "isTemplate": false,
    "count": 0,
    "updated": 1544766706
  },
  {
    "id": "fb4799b4-2170-41e3-90c0-56e6e05b86ea",
    "data": [
      {
        "text": "スケジュール",
        "userDefined": false
      }
    ],
    "isTemplate": false,
    "count": 0,
    "updated": 1544492584
  },
  {
    "id": "ba76294c-aaa4-4ced-8dfd-d189a3a20556",
    "data": [
      {
        "text": "スケジュールはどう？",
        "userDefined": false
      }
    ],
    "isTemplate": false,
    "count": 0,
    "updated": 1544492584
  },
  {
    "id": "75d027f5-c80b-499f-b249-98c98ec4982b",
    "data": [
      {
        "text": "私のスケジュールは？",
        "userDefined": false
      }
    ],
    "isTemplate": false,
    "count": 0,
    "updated": 1544492584
  }
]