[
  {
    "id": "3f1f89bd-3144-42a3-b1d5-271ed62eaae8",
    "data": [
      {
        "text": "schedule",
        "userDefined": false
      }
    ],
    "isTemplate": false,
    "count": 0,
    "updated": 1543293330
  },
  {
    "id": "1a30effe-3f62-4090-a51c-b40df4292b65",
    "data": [
      {
        "text": "schedule please",
        "userDefined": false
      }
    ],
    "isTemplate": false,
    "count": 0,
    "updated": 1543195366
  },
  {
    "id": "a536857d-d78b-4eb0-9657-a8f33209e9e3",
    "data": [
      {
        "text": "get me my schedule",
        "userDefined": false
      }
    ],
    "isTemplate": false,
    "count": 0,
    "updated": 1543195366
  },
  {
    "id": "57dc9f22-3b33-48e4-8334-b7df317730ff",
    "data": [
      {
        "text": "what\u0027s my schedule like?",
        "userDefined": false
      }
    ],
    "isTemplate": false,
    "count": 0,
    "updated": 1543195366
  }
]