[
  {
    "id": "8fc7872e-4bd6-4c6b-8c96-f4151d3b4ce8",
    "data": [
      {
        "text": "sign in",
        "userDefined": false
      }
    ],
    "isTemplate": false,
    "count": 0,
    "updated": 1543195181
  },
  {
    "id": "60d67e18-4c58-4a3e-85a2-bd7bee67e907",
    "data": [
      {
        "text": "login",
        "userDefined": false
      }
    ],
    "isTemplate": false,
    "count": 0,
    "updated": 1543195181
  },
  {
    "id": "713cada2-cdf3-4ae8-a5e8-37e1690e0379",
    "data": [
      {
        "text": "authenticate",
        "userDefined": false
      }
    ],
    "isTemplate": false,
    "count": 0,
    "updated": 1543195181
  }
]