[
  {
    "id": "063e5163-b4c1-48c5-9306-e9806759e19b",
    "data": [
      {
        "text": "証明書",
        "userDefined": false
      }
    ],
    "isTemplate": false,
    "count": 0,
    "updated": 1544767872
  },
  {
    "id": "4d60cafb-9e7d-4d9e-8832-08202be30c8e",
    "data": [
      {
        "text": "証明",
        "userDefined": false
      }
    ],
    "isTemplate": false,
    "count": 0,
    "updated": 1544767872
  },
  {
    "id": "49efecdf-3f0f-40b7-bd16-deb3550ce4c5",
    "data": [
      {
        "text": "認証する",
        "userDefined": false
      }
    ],
    "isTemplate": false,
    "count": 0,
    "updated": 1544497455
  },
  {
    "id": "e1be3660-d92d-4f1c-8a44-c607fa8971fb",
    "data": [
      {
        "text": " サインイン",
        "userDefined": false
      }
    ],
    "isTemplate": false,
    "count": 0,
    "updated": 1544497455
  },
  {
    "id": "03b7d334-570d-4314-b817-7464dbb20ae7",
    "data": [
      {
        "text": "ログイン",
        "userDefined": false
      }
    ],
    "isTemplate": false,
    "count": 0,
    "updated": 1544497455
  }
]