[
  {
    "id": "0c716b72-1e17-4c2d-99de-d1269cbd0ffe",
    "data": [
      {
        "text": "登録した番号？",
        "userDefined": false
      }
    ],
    "isTemplate": false,
    "count": 0,
    "updated": 1544767954
  },
  {
    "id": "2df7ef7a-09d7-40d0-8a1e-82cbc54559ed",
    "data": [
      {
        "text": "登録の番号？",
        "userDefined": false
      }
    ],
    "isTemplate": false,
    "count": 0,
    "updated": 1544767954
  },
  {
    "id": "6e2d39ef-d576-4377-92d1-3b8004593a1d",
    "data": [
      {
        "text": "登録番号を知りたい",
        "userDefined": false
      }
    ],
    "isTemplate": false,
    "count": 0,
    "updated": 1544767954
  },
  {
    "id": "df68c491-1bb9-475f-a573-f8faa08de5d7",
    "data": [
      {
        "text": "登録番号を教えて",
        "userDefined": false
      }
    ],
    "isTemplate": false,
    "count": 0,
    "updated": 1544492395
  },
  {
    "id": "94943f9a-cf6b-4836-a59e-6a03191953eb",
    "data": [
      {
        "text": "登録番号？",
        "userDefined": false
      }
    ],
    "isTemplate": false,
    "count": 0,
    "updated": 1544492395
  }
]